
{"version":1,"allow_edit":true, "plugins":[],

  "panes":[
    {
    "title":"Inside the case",
    "row":{"3":1},
    "col":{"3":1},
    "col_width":1,
    "widgets":[
      {
        "type":"gauge",
        "settings":{"max_value":30,
          "min_value":10,
          "title":"Temperature",
          "units":"�C",
          "value":"datasources[\"sensors\"][\"feeds\"][0][\"field2\"]"}
      },
      {"type":"gauge",
        "settings":
        {"title":"Humidity",
          "value":"datasources[\"sensors\"][\"feeds\"][0][\"field3\"]",
          "min_value":10,"max_value":50}
      }


    ]
  },
    {
    "title":"Sensors trends",
    "row":{"3":2},
    "col":{"3":1},
    "col_width":2,
    "widgets":[
      {
        "type": "html",
        "settings": {
          "title": "Temperature",
          "html":"<iframe width=\"450\" height=\"260\" style=\"border: 1px solid #cccccc;\" src=\"https://thingspeak.com/channels/1327196/charts/2?bgcolor=%23ffffff&color=%23d62020&dynamic=true&results=60&type=line&update=15\"></iframe>",
          "height": 4
        }
      },
            {
        "type": "html",
        "settings": {
          "title": "Humidity",
          "html":"<iframe width=\"450\" height=\"260\" style=\"border: 1px solid #cccccc;\" src=\"https://thingspeak.com/channels/1327196/charts/3?bgcolor=%23ffffff&color=%23d62020&dynamic=true&results=60&type=line&update=15\"></iframe>",
          "height": 4
        }
      },
      {
        "type": "html",
        "settings": {
          "title": "CO2",
          "html":"<iframe width=\"450\" height=\"260\" style=\"border: 1px solid #cccccc;\" src=\"https://thingspeak.com/channels/1327196/charts/1?bgcolor=%23ffffff&color=%23d62020&dynamic=true&results=60&type=line&update=15\"></iframe>",
          "height": 5
        }
      }]
      },
    {
      "title":"Sales Statistics",
      "row":{"2":7,
            "3":44,
            "5":15},
      "col":{"3":4},
      "col_width":2,
      "width":1,
      "widgets":[
      {
        "type": "html",
        "settings": {
          "title": "",
          "html":"<!DOCTYPE html><html lang=\"en-US\"><body><div id=\"piechart\"></div><script type=\"text/javascript\" src=\"https://www.gstatic.com/charts/loader.js\"></script><script type=\"text/javascript\">google.charts.load('current', {'packages':['corechart']});google.charts.setOnLoadCallback(drawChart);function drawChart() {var data = google.visualization.arrayToDataTable([['Task', 'Italian population: Most eaten types of bread in 2020'],['White', 7],['Wheat', 4],['Gluten-free', 2]]);var options = {'title':'Italian population: Most eaten types of bread in 2020', 'width':550, 'height':400};var chart = new google.visualization.PieChart(document.getElementById('piechart'));chart.draw(data, options);}</script></body></html>",
          "height": 6
        }
      }
      ]
    },

    {"title":"Device status",
      "row":{"3":1},
      "col":{"3":2},
      "col_width":1,
      "widgets":[{
        "type":"indicator",
        "settings":{
          "title":"Light Status",
          "value":"",
          "on_text":"ON","off_text":"OFF"}},
        {"type":"indicator","settings":{"title":"Fan Status","value":"","on_text":"ON","off_text":"OFF"}}]}
    ],

  "datasources":[ {"name":"sensors","type":"JSON",
      "settings":{
        "method":"GET",
        "name":"Pynini",
        "refresh":15,
        "url":"https://api.thingspeak.com/channels/1327196/feeds.json?results=1",
        "use_thingproxy":true}},

    {"name":"light","type":"paho_mqtt",
      "settings":{
        "server":"broker.emqx.io",
        "port":1883,"use_ssl":false,"client_id":"Pynini_freeboard",
        "username":"brendan","password":"pynini",
        "topic":"trigger/lamp","json_data":true}},

    {"name":"fan","type":"paho_mqtt",
      "settings":{
        "server":"broker.emqx.io","port":1883,
        "use_ssl":false,"client_id":"freeboard",
        "username":"brendan","password":"pynini",
        "topic":"trigger/fan","json_data":true}}


  ],



  "columns":5}