,date,qnt_sold_white,qnt_sold_wheat,qnt_sold_glutenfree,price_white,price_wheat,price_glutenfree
0,2020-01-01,133.262016714481,58.98805872923607,50.2075202263271,2.062643786863629,3.648994802598133,5.188034595904321
1,2020-01-02,184.26814565082196,144.65289487059107,87.15581073082032,2.756674454719443,2.740443065425834,2.626583140849029
2,2020-01-03,130.5779501117206,134.29995826612912,53.82856229857096,2.6767786836665173,1.3224393681840336,4.625317993922971
3,2020-01-04,179.71739925157203,89.12083536286936,93.66295773452582,1.2644408695229599,3.6008647276195958,4.342058160723181
4,2020-01-05,142.84240955811487,102.71443337863252,24.260461122823624,1.882877794892725,2.3906721778088746,5.4412733548202095
5,2020-01-06,246.3559084590624,118.53806309520614,91.65703710270022,1.8608276495554683,3.355395213192759,3.7024991678232704
6,2020-01-07,205.29310460448278,109.05140261792573,41.46030197000786,1.0541886046223716,1.419253510382259,1.663515789417255
7,2020-01-08,241.00138056343408,57.61549714763604,98.2648537283818,1.7931484184318933,3.9007876539152484,1.957447118014319
8,2020-01-09,125.10252380343334,82.45958216932459,96.89089109060701,2.0779230023763797,3.061420171631561,3.732380393789767
9,2020-01-10,101.36580773143054,83.72087287709263,23.023022764752923,1.2081130906298592,3.44050001450645,5.381174184203774
10,2020-01-11,121.66930605566401,87.00702417606563,50.8836205196203,1.0381797354737272,2.2712746696719823,4.561482000935937
11,2020-01-12,102.44241005932244,52.49805293982989,28.88830468116592,2.836229500475793,1.0998965073124598,5.095324337687276
12,2020-01-13,231.3231791868349,133.49193933587648,21.956837478687035,1.0959654097954827,1.3272453681128127,2.61412366969749
13,2020-01-14,219.32040965722385,54.95193693102327,55.93943200649993,2.8532301748599087,2.117575958891166,3.626965988692929
14,2020-01-15,226.59591137242552,63.99288989784699,93.7743917960504,1.6440681838728677,1.9031408720902738,4.192785108108838
15,2020-01-16,148.67737776861986,139.54770169241021,85.97478744617,2.683902186987716,3.000416616082636,2.4646259179649306
16,2020-01-17,222.6066301709254,76.27826065695284,28.922462466110588,1.0210220005940511,3.0156008231032096,2.083442361831702
17,2020-01-18,133.6940128411028,57.88115599544075,78.63005868585469,2.0938520193279233,3.0189593106931585,3.181856412832833
18,2020-01-19,100.79319074323496,134.78232265563042,81.54452981324104,2.004009233111678,2.823207353426662,3.290643850274264
19,2020-01-20,219.47473239698698,118.41734802641287,58.2912387528711,1.8211483628135612,2.8107500768842546,4.07859042320117
20,2020-01-21,239.57756856540098,50.87022534814911,53.28219535608612,2.5041730535370412,1.0825493117568845,2.3406273432048352
21,2020-01-22,234.98910839770878,59.74095711016256,81.84610619762616,1.5974650884847235,1.5626576082237231,4.056749389435607
22,2020-01-23,126.05348408583988,60.0194279333527,41.692135172723894,1.8485913511872065,2.008505232020313,4.0695988506176235
23,2020-01-24,227.02717981684265,134.79921493931818,58.69684756696924,1.4743955056774147,3.017076426292323,2.8122149973747828
24,2020-01-25,185.85017251414928,123.81741533643738,83.27009282793966,2.083569390560206,1.6020821644928012,2.5054500382546547
25,2020-01-26,114.49093092465965,92.89925499616562,20.053229440701248,1.9800509696270057,3.9499745887531383,1.868411674507814
26,2020-01-27,166.12201877298213,66.66097978036596,91.3152712463348,1.3975264361023718,2.5807794406860816,3.602302639871069
27,2020-01-28,221.75811822888238,94.82523826917489,25.844062371768928,1.4539610757214818,1.0717086643484028,2.957881601610482
28,2020-01-29,245.05991506007697,79.94335840959948,60.1289766615554,1.0662808355260862,3.201678318036194,2.681782296830236
29,2020-01-30,146.71124267853818,95.0648683282638,21.99870707432808,2.1087269344147765,1.5973089876555884,2.883412294882043
30,2020-01-31,106.78598279945263,111.25999155168952,98.85132140788811,1.8529988280524463,3.8527221049396307,1.7974653537963667
31,2020-02-01,230.5977486333193,134.72730508839106,59.54206912436522,1.301298826289289,3.3014744655350183,2.291833137767583
32,2020-02-02,212.23420758526993,75.37878371395213,97.04698102535949,2.689521322859483,1.900837321481364,2.5664257512243744
33,2020-02-03,248.2419803127258,139.43626222511367,71.11245382087507,1.60528319456494,1.8229849143772796,4.867086733583359
34,2020-02-04,167.95541705031007,146.40510115025765,77.99416112268362,2.9853275914966577,3.1745844485014647,4.7069018390189505
35,2020-02-05,101.64764799724486,88.11941786613977,54.88749651106495,2.3132439223533554,3.360965509165669,4.2518492836812944
36,2020-02-06,104.55275614486018,116.30012072884963,31.223273756835006,2.5306401902383,3.4779235146505387,5.332870680417617
37,2020-02-07,189.61547333680267,110.11053935152938,93.87453617638502,2.4043569829104476,3.4438916205500565,4.895248537084562
38,2020-02-08,199.96798220400066,86.76214346609207,49.92156144464606,1.3779847541540664,3.4125860735192943,1.6870302951418008
39,2020-02-09,133.4069454057225,55.64064197541683,97.77645906361882,2.8267909715758526,3.3749485724485186,2.578224599521415
40,2020-02-10,238.98861502445013,69.83672552089679,28.099727977440445,2.894635530041435,2.8727279137927058,2.1170771115294733
41,2020-02-11,205.6809759429102,53.814991560877566,76.78712245418326,1.487506402718008,1.982965975512403,3.5850395281845153
42,2020-02-12,110.258322117486,149.85599103028812,41.57987625761396,1.9256561845005524,2.1043305355865103,1.9456680556584525
43,2020-02-13,219.32580322224305,139.8000023042374,20.81846577665429,1.9246528592250753,2.821667770067119,2.2566384229786505
44,2020-02-14,146.36623749007464,95.1443166750908,74.53357973209111,2.6818438281139567,2.9249555449986224,3.7319379895085403
45,2020-02-15,219.77689282759138,90.70987738377153,21.30210997570252,2.1712075973787934,1.5658695139256271,3.0896171831800934
46,2020-02-16,207.16028189478024,56.99383977162661,79.01021613735551,1.386434401821207,2.0449855692638206,2.970138528435495
47,2020-02-17,249.53064203084986,100.79532086970896,42.62825469344019,2.991501588256057,2.037463685487454,3.056641890287718
48,2020-02-18,238.56372237643828,50.94128467396977,85.52100630635591,1.085590333328344,1.85393900169082,4.2120271330473456
49,2020-02-19,238.10035785779743,125.01451895162154,97.93536085261859,1.4533662434344121,3.6194434588383917,2.008629294636287
50,2020-02-20,248.23996762586117,86.79820634841496,47.220928095869766,2.5177428736859992,2.2380988916179065,4.069775364487212
51,2020-02-21,243.26109406622038,54.91811983756221,83.15906455781672,2.706839918660245,3.1953403781082725,3.115747462711952
52,2020-02-22,213.52651945725646,129.94325894107288,54.58213808323056,2.9408531567150096,1.3629437961568276,3.2742867599723113
53,2020-02-23,143.3837413348108,147.6635370143145,31.16331067835766,1.1039219613380944,1.0524514955468987,4.772975937962687
54,2020-02-24,144.5363677345033,107.11653423462514,22.978829192272148,2.3379033955755526,2.428487606392631,2.4513623433666507
55,2020-02-25,138.83745215273157,123.43415155413524,26.444980118901142,2.7060294843127783,3.284593903755499,2.928639224495568
56,2020-02-26,213.29728005743868,91.19371686213967,82.75492982576294,2.351253945244665,2.8596976803982006,3.8832067475145187
57,2020-02-27,223.0446066395662,147.59108609704396,66.63984207517284,2.446484121670795,2.2123641378999386,3.233844692207154
58,2020-02-28,136.36204765635216,90.41199618958002,88.00319695522593,1.2208237264402497,2.33965546386613,5.015155422375159
59,2020-02-29,193.059631929604,78.55049875243435,55.73925232139794,1.2964445588885083,3.438359758675346,3.937876097757299
60,2020-03-01,108.49402083674929,52.998702885564995,33.13490585829978,2.513630734421037,1.9935973675132772,2.220400928740586
61,2020-03-02,119.09008668809376,65.51357885586718,41.613225287517665,2.5996671955917865,2.1047979587981502,5.085580529951637
62,2020-03-03,176.13424743496182,57.71456151581693,62.76006796182823,1.264180889397574,2.994627968987709,2.6406482739559625
63,2020-03-04,145.654015869702,134.9930803619462,95.84941081964577,1.7522580541672041,1.5631145609488273,2.7083206341154864
64,2020-03-05,196.62161690964228,122.9427432190774,45.72177698936484,2.9917689418096165,3.9152483827466162,4.027384560760579
65,2020-03-06,107.40755501449803,64.98179101836767,86.52346386771791,1.3682765731879865,2.152194193470282,3.0549390312669202
66,2020-03-07,187.853970735958,136.18198157380596,21.138077345654054,2.795030329995783,2.0860362456146584,4.7758832374205475
67,2020-03-08,231.58246023860036,113.40317885716476,21.083566407336445,1.668057810438661,3.7802235156144723,5.41925815149591
68,2020-03-09,111.52471669811843,99.79265162527965,34.218384134164936,1.6002421459381904,3.7557000644255787,3.847907190650936
69,2020-03-10,206.5863018643314,50.358613652687566,96.7671597137266,1.6055137073030012,2.636388907253006,3.7606459469938684
70,2020-03-11,240.00308701875784,85.90404702812673,52.98457412943523,2.3638517293144488,1.9094035861364707,2.427042838497452
71,2020-03-12,113.72934588468728,59.06282090778339,96.31702904241075,1.5417523063687595,3.144014884620349,2.146212084685532
72,2020-03-13,187.99389765003787,99.72390596444222,44.92748757821448,1.8709450992634185,3.9444262935217167,4.150020624564423
73,2020-03-14,164.23793336756975,82.83187178041211,77.41287037873064,1.7587448372164693,2.1005733257529773,4.073627401247574
74,2020-03-15,155.23262950182232,102.19051134475758,77.15521695076978,2.145775602509354,1.8555271336211074,2.4015350117130794
75,2020-03-16,146.54295715165048,72.95126468316661,76.65624845586885,2.6171296569184888,1.1399144772439769,3.6127729243581377
76,2020-03-17,125.11528420384387,91.89643946763275,47.981209513678884,1.5564293793696373,2.03155353822898,1.9113062430989194
77,2020-03-18,236.69575198626376,100.60174911694273,27.266719724274033,2.66753830231141,3.9303349461348285,3.908817661561428
78,2020-03-19,162.73415366927304,110.94257442401488,47.213548510047225,2.628253953368018,1.5526434097471966,3.0258558302179708
79,2020-03-20,123.18863104815514,98.77105931169032,81.69402667896333,2.623412176839034,2.7873555003888253,5.288119994642782
80,2020-03-21,247.75463500567324,84.4089434467527,85.6200870987919,1.7682741421542625,2.8057429483612455,4.160641804692155
81,2020-03-22,225.52367555741438,106.70771071460757,39.2364699904002,1.3716041343869114,2.466477796790685,3.017763020786465
82,2020-03-23,232.78144759316731,81.7419727375191,74.43998106319714,1.368890729639642,3.888894412893533,2.096451073974351
83,2020-03-24,147.05116520385337,148.39700846337803,92.06336917839374,2.394599464045779,1.5507751217905175,4.932131924650832
84,2020-03-25,231.51830534887188,67.1277386599325,89.38084284318832,2.0781038532533174,2.317405389063992,3.6713328984430014
85,2020-03-26,142.03299005653304,127.41835631688923,84.50357589002478,1.5209339232420012,1.6999565658298603,3.0546779321114674
86,2020-03-27,233.9796868694352,134.62994483951024,54.05785932807692,2.5900312027902554,1.8266797848018559,3.71155712140344
87,2020-03-28,190.38511151266528,141.94759504652865,80.34939272821622,1.0413580290358198,3.121749440492434,2.6613071697605917
88,2020-03-29,243.18651634075147,142.0319739980955,71.10274851527478,1.877122805398366,3.1262926717458064,3.2407268393612707
89,2020-03-30,197.80192196572,53.37602401484835,86.7779897635821,1.3929632747946992,3.112214950233322,5.2403897828824775
90,2020-03-31,168.18372214634368,52.23118899000947,63.45400535363932,2.98005634236175,1.2904818569638614,4.907123938405347
91,2020-04-01,192.2868991588878,77.68558245758152,45.58673204882883,1.6261362492958666,2.2810550794220132,1.605335855914411
92,2020-04-02,123.17713242239253,55.25400187714465,31.367205375044342,1.8098591405643247,1.8159126164488537,3.4195991876613756
93,2020-04-03,231.6530186395423,66.5479273732813,91.24210292942684,1.5990554787911138,2.742920907285684,2.172895940181935
94,2020-04-04,185.62362738042074,125.91966133212871,59.983556609237226,1.0506819368455038,2.556461470476134,2.1442670683002856
95,2020-04-05,237.51577723253595,139.31077235041693,43.80710546562906,2.6647681541401633,2.3580972222962306,4.268301002238088
96,2020-04-06,198.04027684987005,70.77133988333723,24.498933703224502,1.7619284025878033,2.6244026089603523,2.994952620508586
97,2020-04-07,136.09775577959587,101.56777894639683,23.476455090635866,1.6996118006418286,1.4240091749530812,2.342188552017128
98,2020-04-08,180.56785350810316,120.39453181086864,83.30867875521645,1.3556218387629406,1.1459083616666659,2.3852963656979385
99,2020-04-09,210.4382165209518,80.9463817501914,33.718871048000985,1.823079960968346,2.8745916375740013,2.0287447861974566
100,2020-04-10,182.85403397795218,56.67031865848647,54.55357645348619,1.662010854866052,1.591335826919365,3.6267062100992096
101,2020-04-11,192.1658837336021,124.67368930374593,53.54344380801767,1.0139480996141492,3.9076264802258684,5.280148926465032
102,2020-04-12,225.4725427856863,127.95957743983692,26.04464382519606,1.6211821994173465,1.9661015145249083,4.228761116099711
103,2020-04-13,146.90943642705702,114.99262711804118,87.50590428635041,1.7471532584807874,2.6850542768571186,1.9085861334235275
104,2020-04-14,136.93936894164636,95.94707434129992,77.19176012821646,2.9597381350725183,2.7003594384690555,4.790046690634228
105,2020-04-15,122.48006426250767,67.4464712016404,97.05521868718327,2.849421842363591,2.929707672151097,5.379652056793739
106,2020-04-16,209.62136870826237,69.60661810341558,95.13179581044191,2.2315245427585237,2.916200066453924,4.855549407438213
107,2020-04-17,213.86345469473827,98.55148211642195,46.88683671505511,1.0360484391175915,3.7380993278187438,3.995672798427465
108,2020-04-18,124.0409542254098,139.7843372604165,24.46143437100263,1.4983521225324616,1.6282243074195022,1.8316079308822117
109,2020-04-19,197.85517164967266,133.90105344873172,83.47043242337672,2.8187692364265944,2.8581926116628047,2.422187979979819
110,2020-04-20,176.35865285687544,101.10420047915675,54.12234737837956,1.8638595055266858,2.511885031007607,1.6611783839762144
111,2020-04-21,178.8850482625644,56.740627877523075,98.8630151379376,1.9721841893477847,1.1392074129874792,4.0902976097044785
112,2020-04-22,168.895319403598,126.65067523728194,94.32143717468188,2.5954630641683165,3.3237700689966525,3.293966852167156
113,2020-04-23,196.2917119881816,138.0520414916229,61.45209229488212,1.8917475119594334,3.8078024066470144,4.521191852938506
114,2020-04-24,210.90895016771503,67.99942390728631,39.35062047066957,2.3514179673580333,3.6271167758335476,2.8378839085975667
115,2020-04-25,132.15649988513672,134.84732673596517,20.707248828024394,1.630623749407492,2.5386921230332224,3.8608080745213003
116,2020-04-26,247.51283438378005,69.17397305219222,29.986180521532646,2.534965333952412,1.8091951154879817,3.585515993363847
117,2020-04-27,162.17186062845204,54.2001795550353,47.95740527098079,1.5812591518685106,3.4663531490223503,3.8728846635725556
118,2020-04-28,186.1169331556228,72.54853518689299,92.32823107895805,2.7680155094115175,2.892877849612343,4.509033188970378
119,2020-04-29,190.6870280637916,56.28804647473616,52.03640129387665,2.092368343421212,3.484003820369971,1.7353099451356546
120,2020-04-30,214.7709517960135,94.88574184732887,94.48184527345066,1.6917942702143967,1.343200406478962,3.6880508089736415
121,2020-05-01,113.67383446883682,140.43717808280712,57.57698325975446,2.754763065000508,3.207265542600485,4.13173583564309
122,2020-05-02,178.52765494325484,131.6815807791223,40.236974786004005,2.6621986387539467,1.9560307246568973,1.858498173163205
123,2020-05-03,230.3396297898175,137.51003043121386,47.51175960818494,2.01368556357742,1.2407101734205241,2.6506778092681365
124,2020-05-04,130.53033533703635,97.65892223575608,99.6213591876,1.406291878667317,2.7521627218829474,2.101948234834492
125,2020-05-05,184.92652007349284,81.68453877762519,57.71921260587517,2.9244169022252677,1.2573996476469147,2.3781688310412163
126,2020-05-06,236.0033412137549,118.81755878943602,67.75219795784838,1.9697624299492849,1.5124249123377762,2.7298862104713395
127,2020-05-07,224.06703418673845,146.84295950439622,44.3010770866612,2.4193550026309794,2.8863657804484113,3.132950497265067
128,2020-05-08,121.83022539640686,56.76353683879556,57.149048029294036,2.72439440026187,2.736711935214731,4.1123093340992165
129,2020-05-09,100.86541107679618,58.16623634006396,61.32763254928305,2.3906136310000177,3.182946340671864,2.707819775210237
130,2020-05-10,233.43782418425997,80.49289426652936,93.68350683593442,2.706258779891807,1.2130072939427663,3.3213672704846213
131,2020-05-11,104.4368481745499,108.19171132393207,35.20460820061651,1.1038442170165312,1.407825105702582,4.443832335294363
132,2020-05-12,191.78010813551415,122.60589772057581,37.59035407664953,1.7275039635501677,2.842251740536041,2.148144298691858
133,2020-05-13,169.13423676188665,146.77038895991714,77.01354780279962,1.622347484344938,1.0035528005354926,5.003347715004383
134,2020-05-14,217.90123648261573,127.7835569034988,81.20448507861019,1.024241451418493,3.9081843312741684,4.447202933709573
135,2020-05-15,107.53348608768522,139.6396214278227,33.84955834917031,2.568288334914279,3.7720158846156973,1.962383162256498
136,2020-05-16,224.28824151876898,60.226783944200456,34.34362047501749,1.7104999320709433,2.986734335886183,5.325887131976436
137,2020-05-17,234.00656362748467,64.66931387741916,41.29620775000439,2.2601046773888394,2.4012936089877766,2.2719930350689794
138,2020-05-18,123.47747290725346,78.12677140195483,42.28339448328921,1.1960451743541223,1.644834982396958,4.106768768948156
139,2020-05-19,143.70146732070742,104.69451220966793,85.68987825113543,2.537150184531397,3.9781841935179068,5.04519970047067
140,2020-05-20,140.65218076805343,64.17977693721522,50.74184647823461,2.6084130238600647,1.9052432685709166,5.151430381257576
141,2020-05-21,164.15138519201727,56.908269714031874,96.0213471415623,1.9360515496390578,2.419466635756036,2.053218959826229
142,2020-05-22,227.67356251144983,74.99308074624352,57.13730582850894,2.176570479628196,2.9437801955022747,4.471692403314606
143,2020-05-23,197.18882496484403,90.66556575324296,41.19157038314622,1.664081481105529,3.454465588516375,2.4669623220832317
144,2020-05-24,165.09684969078563,130.54606090268777,76.65328429847634,1.5489708292469697,3.308083703114149,5.268433569083346
145,2020-05-25,167.1607725329475,95.8841842222688,83.57778139866251,2.8448859749343796,2.4689399818423254,2.817907767817502
146,2020-05-26,150.69809541917942,143.89184645282018,53.93392370021908,1.9867203544729672,1.5870456931906298,2.948926325492054
147,2020-05-27,170.92097521083292,125.95167317526742,72.05074489207215,1.9469782764449184,1.1110212225434872,3.9925216135902586
148,2020-05-28,244.30713931842345,132.17597582908104,44.28165468828283,1.35566815214165,1.98647683927959,1.5239885290517425
149,2020-05-29,101.24436847376714,115.53861407960618,68.69372173062808,2.5509497152423406,2.8354781234187247,3.2432296036415615
150,2020-05-30,174.08266260554487,115.40948222320088,65.78016799145274,1.766881292787966,2.7118892130936882,4.522432383338211
151,2020-05-31,174.76365234890875,134.29467473525034,92.49976613508086,2.423838038110412,3.071514385686516,2.88236451072864
152,2020-06-01,131.3000542084698,135.20592999197862,25.05804024263402,2.3974644883194065,1.5210496674382528,2.479206997823932
153,2020-06-02,137.201401810177,86.4926564768299,91.81044951651911,1.0835536241106347,2.6443518300413853,3.2876061350147023
154,2020-06-03,144.26641467077943,120.90683148663717,23.534314014849453,2.095854267297142,1.8322908984032864,3.5424560667508835
155,2020-06-04,217.63453431352985,146.10579489193273,42.45339064517769,1.0040512659365741,3.689492066052486,3.9071882647801415
156,2020-06-05,169.0247478367574,125.50874398836301,31.272939748716997,1.6991043350415964,1.3324258893033778,3.5696978723089106
157,2020-06-06,209.7113702157331,98.8319425880029,58.8217547747767,1.2711783403103147,1.9456849185710223,3.4741669602837058
158,2020-06-07,129.825567493699,112.29784516645353,97.95696600749946,1.3906314571427647,2.416249555163182,2.135160487897551
159,2020-06-08,162.4851086506855,58.07024706911946,27.82005450093795,1.236919661522615,2.144938588560372,2.3898580716410827
160,2020-06-09,120.07314003498922,141.826608100583,87.69534166546708,1.6906186342043634,1.835930197164298,1.7755273595811238
161,2020-06-10,128.1693673642621,103.73309546369549,25.583878540768197,1.4525979356145877,1.233213506377727,4.3052309598518015
162,2020-06-11,126.13666440404037,64.6868446914568,81.95772712558679,2.360437630163257,3.2417324779860572,5.300658475489158
163,2020-06-12,122.84504259001119,82.75945645918293,36.5698279150039,2.6552100558272462,2.4994607637427992,4.10945236414429
164,2020-06-13,184.40593120469578,133.17123757297975,38.909969517796114,2.804913348675406,2.8183288786664207,4.598435248044755
165,2020-06-14,236.3065226121059,139.34667297904252,24.87692016423054,2.578457589623324,1.0372903726116025,4.545318611409071
166,2020-06-15,236.84231873583963,70.85769281023732,92.40486663938208,2.3336050061647753,3.786652814779867,3.519276398541749
167,2020-06-16,229.46966161197216,70.08979789413904,23.89765590151803,2.5081855708061647,3.638083228208722,2.9250832963468474
168,2020-06-17,219.662540515942,128.11508454190363,33.19741673261137,2.8478434715887038,1.4410852348800594,1.6584438333460056
169,2020-06-18,137.33164019577345,143.2543354425282,92.80365119577269,1.364536144449408,3.4382274443782315,5.406520821346687
170,2020-06-19,249.5275133232527,137.36571758387987,79.46788892410757,2.068007839999096,3.8527375425512123,4.754002863750079
171,2020-06-20,222.64029633116348,74.96524150132056,40.03324522433825,1.4167553130997828,1.1082109675787168,2.2104322050372636
172,2020-06-21,245.54131864341585,67.77298572898336,45.50529552386854,2.4241351569982905,2.138401055542307,4.3117728777405855
173,2020-06-22,113.53622682172633,73.0501408613242,65.13362818832749,1.9040589788252376,1.4715401713162932,4.857440886943563
174,2020-06-23,174.22285349007356,87.61513335382081,63.8674445001383,2.677425216775374,2.0528473750819733,1.9768336485672218
175,2020-06-24,220.739946870226,54.26254124457801,57.43487474097145,1.6416044602323219,3.9591381842456275,2.106044281886363
176,2020-06-25,104.872211396779,79.48909015477778,29.77632320986799,1.8954644502269118,2.380539516698902,4.68061696088511
177,2020-06-26,198.20968982284046,61.10859065686651,29.615003113415746,1.0330063471235722,2.375336685079708,4.033382855530513
178,2020-06-27,138.23445852353234,88.77230323540965,99.96766472858589,2.604124785443204,2.0524474174693665,1.954317091059293
179,2020-06-28,140.68698034253168,80.03341406673906,53.53366325733863,1.9332325292013843,3.3785352522781715,2.357880142227133
180,2020-06-29,156.9508061396488,61.48558205932508,29.50824949287634,1.7061337912685317,1.306939297974559,3.441380982113207
181,2020-06-30,108.84310574968022,88.13136518375248,99.75343480497166,2.611870512185286,3.448992362992249,5.236633097238871
182,2020-07-01,244.8231611397652,54.82857872454707,26.53480530243824,1.2894906892651943,2.4108783731947043,4.661579030030914
183,2020-07-02,226.34720049651844,136.26799605037303,74.38427180985363,2.4174449162464997,1.9732613029785409,3.1277717365457285
184,2020-07-03,236.39920556140464,131.9845310094493,50.836969712532145,2.705432606570051,3.0115119162152038,4.048379978976821
185,2020-07-04,210.37045593925265,86.67257799174445,78.7512653572224,2.1046246913410105,2.5617947599559674,3.1550097341347096
186,2020-07-05,116.06571168062698,110.55936795577679,46.731250156036864,2.552311054759163,3.5641271902505043,1.87433308680257
187,2020-07-06,177.89452242553654,55.583673393354715,67.37861457196219,2.268975966539524,1.4726907758041667,4.390214267387259
188,2020-07-07,110.79488633075702,63.60130920593162,94.17189484769027,2.33299464518975,3.863977220850356,2.473763286770439
189,2020-07-08,159.11620171683097,148.16493791212565,73.43652848104259,2.027123358101522,1.1836914010360056,3.042746230980724
190,2020-07-09,127.63331033145423,120.2467310100376,91.0340614304476,1.083672129303537,1.1729232708697572,2.175652819842643
191,2020-07-10,153.73842775191042,149.3103072623195,35.67765232270006,1.2986920867139455,2.169464529651244,3.493444358227693
192,2020-07-11,247.17692225678493,105.51667836868262,82.15122726595243,1.2383881787214763,1.9948087422275358,2.876093309242147
193,2020-07-12,247.7861966891425,56.21906276360757,34.58269017965432,1.5115030260368458,1.834149953109144,2.038295282049843
194,2020-07-13,238.7040518998173,117.09253175386003,41.0767830164294,1.174220603768468,3.7021874286722367,5.090016647144177
195,2020-07-14,146.59124404479715,132.47795630107998,43.53326583905183,1.284569811300834,3.4018792049310305,2.7098377133305993
196,2020-07-15,148.95013665454093,145.78225092630186,36.35331566460906,1.7133976711904269,3.339476959224627,4.655369084807351
197,2020-07-16,240.66540304304658,74.79872171825593,79.67158420252767,2.926743742038467,3.8941832105217333,4.13186892251567
198,2020-07-17,237.1747831381593,91.09777008280389,72.7498878883559,1.223806480383387,1.580925705688184,1.6697569088046529
199,2020-07-18,166.14477711615223,75.43357788443411,66.55589515257353,1.7159319129413773,3.8383213009152786,3.6248276159315096
200,2020-07-19,178.16356686129944,69.65225993733716,68.3180821694526,1.3774688309807444,2.633398587117813,1.6282157050426962
201,2020-07-20,215.85335245105102,61.376483707567296,44.97922426334136,2.725643316369636,2.2910291034878214,4.1853596405496045
202,2020-07-21,151.52817719665393,81.87312573460976,76.07867357489954,2.883470451068539,2.659862091269523,4.811294249861357
203,2020-07-22,235.92310153560882,53.81384883719149,30.090635184585565,1.7341091899658083,2.4844527553200697,2.573433580054298
204,2020-07-23,109.81924166173752,103.15982813995937,76.61374412779014,1.8417240570102398,1.549809199156193,2.816477973802072
205,2020-07-24,194.3358261788178,85.42061135116109,56.89342775168555,1.5371235568378294,2.287935964556456,2.679021813871476
206,2020-07-25,119.02760443224858,136.75395912078395,58.40237379198045,1.5689046083588323,3.0415397231396897,2.1345665166098597
207,2020-07-26,218.0883982823678,129.62901208871187,77.9816535445488,2.364237532716696,3.431818870969926,2.8682834247066165
208,2020-07-27,145.54384851136376,100.4453107216464,72.06118948292014,2.9075977003047733,2.8510251925028878,4.849194160590871
209,2020-07-28,249.39497848203868,108.4963028578629,85.3598005821629,2.406856251733808,2.8923975807920375,2.8268003076393997
210,2020-07-29,191.87334962694993,117.9476034723962,72.92224726070647,1.2828170749635095,1.2921293143441477,4.13096730522883
211,2020-07-30,177.07983446746366,84.09559317198345,44.888894762350226,2.280943017477238,3.9511470520596115,4.812739528668298
212,2020-07-31,148.82660547635646,63.32348701529445,63.31240093204548,1.12312143015938,2.9737516906735224,5.131646659222402
213,2020-08-01,244.2043411750078,110.81957723029959,44.65621484415631,2.9963595808655326,3.1528892398221386,2.203079324921866
214,2020-08-02,107.29799772853295,50.69057957628878,71.80518472297639,1.8049212878557044,2.993838185072726,4.066218190854551
215,2020-08-03,173.0179151219587,72.53863281700889,36.69371209838165,1.5261991198574578,2.145348624343298,3.5169791943417046
216,2020-08-04,177.43607964750547,124.26086979091812,33.9359425155787,2.574458344812318,1.53204997391861,2.8345906236541674
217,2020-08-05,233.31089286328492,51.16872457722674,96.07206746610571,2.363698992410465,3.706282228963868,2.450535070898447
218,2020-08-06,188.14149093161822,55.41219452956398,28.972832640283865,2.7949143439662283,3.215694596279034,1.9869293954336045
219,2020-08-07,148.01940161053852,69.63794229129203,72.27705512995539,2.121423114103439,3.6977729533932395,3.207903294125666
220,2020-08-08,137.06476345772285,113.82653062243446,21.42208585423117,2.3576015649311666,1.1995032579828728,5.18423192855101
221,2020-08-09,186.97151554355486,106.53374157979908,21.892482657571097,2.674996252585247,1.984030918747457,4.947367287701356
222,2020-08-10,167.78911875084424,122.43322326209382,72.76775340231517,1.4421232279177936,1.267733162487822,2.5142890243281935
223,2020-08-11,155.6059513419426,103.20638891338885,53.4457602215287,1.9229049040233617,2.0488800168292154,3.044293082964021
224,2020-08-12,166.28999728912422,138.31588081810932,71.11545532468631,2.9406023062078566,2.4374388252750405,5.193953051590748
225,2020-08-13,235.23852128687855,124.14633691579162,97.89280915679132,2.5319128503710457,3.950565093207503,3.6444343944418875
226,2020-08-14,205.6707804643942,118.30152313342934,43.34535657354411,1.5721443411665088,1.2186321687600357,2.7086383661512667
227,2020-08-15,230.58738191734935,71.31258269214709,85.77894225723139,1.9389453101552072,1.8319267607334302,2.0137212552678627
228,2020-08-16,105.90446804534085,72.47441621346877,61.091816778668324,1.4932835048819737,3.352796523402109,4.249185879110385
229,2020-08-17,228.29042974294202,142.00620610717115,90.67432854702426,2.928813128436427,3.7671364413745927,1.8067513744660832
230,2020-08-18,210.4787798756849,68.64363424893341,90.83891223877133,2.8062840086234964,1.2291663058151183,1.8401687633721457
231,2020-08-19,187.89649582115774,64.09589650295639,30.174137852004908,2.1324996016682682,1.7634001672513282,3.1142724148387777
232,2020-08-20,121.5074664737883,117.16465193741517,69.92076016452731,1.2968699336856402,2.081495596568001,3.3568022220920404
233,2020-08-21,172.55101504089936,137.9866401454805,63.63496496238004,1.1627348452012096,1.447595582081595,3.881770431033261
234,2020-08-22,208.69705530609798,138.25673286002524,90.83723648892031,2.7066477348967872,1.2644593256532868,2.2806463418789864
235,2020-08-23,239.52206820362068,89.97329041773276,97.85459038842758,1.2105408367736068,3.358919578274458,5.123519953508739
236,2020-08-24,158.58983216276246,139.8596134405177,23.564852780662953,2.6665583388606127,1.1758316250722856,4.790718402575237
237,2020-08-25,189.91978694862536,132.42237289008585,34.93924242008554,2.468771449860986,1.2910664374179583,2.9287981855731178
238,2020-08-26,166.46114216675744,101.95399410691476,21.508375689339594,1.60809489915855,2.8638956003383886,4.370762410010636
239,2020-08-27,167.96168594618197,72.64452953015305,43.88536387437439,2.708533821547938,2.0852741616264376,1.6703953142614885
240,2020-08-28,170.99126544601754,125.50683356516565,26.741640026122823,2.7410373427814925,1.0863626777767288,2.940995015770398
241,2020-08-29,124.8823683826999,131.6904601080891,81.12757144478294,1.003064295255699,1.9844640022702364,4.158230626964334
242,2020-08-30,203.93892614999814,117.51992167865319,95.52451574770517,2.4530488639552384,2.2279490965811783,3.7018815307989588
243,2020-08-31,207.90016271864184,146.00943447766386,37.715692834064,2.760852312893718,2.408315857492962,2.9415201533434074
244,2020-09-01,232.69870943206718,131.05270452950765,34.24806096581232,2.0451301341617727,2.6793102056146596,5.474431722444194
245,2020-09-02,183.92156109244706,55.60042101563515,47.831825991073025,2.8180274137675223,1.5685707326601181,4.033678009589085
246,2020-09-03,247.82003594749423,104.09682208570871,47.61037530925469,2.7692782963168674,2.989081626552382,3.8778469816301295
247,2020-09-04,116.11656188174948,132.48507529597242,86.71508169351688,1.8866277341021676,2.494206355071827,2.648233476353405
248,2020-09-05,245.5078287694793,104.11147595515833,69.96496289278606,2.3652949951198368,2.595020886064369,2.523277442139053
249,2020-09-06,126.5206400605449,87.59428060231184,77.6171476495197,2.52894970674974,3.1333083807043582,5.348910086698945
250,2020-09-07,152.4799613382978,101.83141849569972,86.33933628661006,2.492722966844656,1.9842529139397302,2.6613324937477962
251,2020-09-08,134.34769501346491,101.77964293280809,96.57208062413773,2.944671934088059,2.730642986111936,2.8293693616935354
252,2020-09-09,147.85396641293636,135.19322379314883,43.125719431682725,1.2544437156806993,2.113590667750949,2.3974722628223715
253,2020-09-10,160.83100743241877,115.86213546039203,30.115807937468766,1.3363025157191426,2.2056351062245443,5.125476883007061
254,2020-09-11,203.39422917818376,88.13744424579198,64.78703218298995,2.8194069389088146,2.7924382946285435,3.6566677852977945
255,2020-09-12,203.05947048955346,104.552940241275,90.78613210578821,2.483765875938426,2.838325731337972,3.0031984811520314
256,2020-09-13,127.73083224585324,129.27976410662146,99.75722479245454,2.0843493868206115,3.310515528482644,4.537761425140657
257,2020-09-14,241.00245347143783,123.3124778499294,64.66694079653908,1.2003514985146757,2.758474477270636,5.040373171319974
258,2020-09-15,121.87887120246495,132.3362279401056,70.37549403500878,2.5982874667244746,1.3038362219666828,2.5475787703426156
259,2020-09-16,245.25021073629446,145.92112690774405,94.05390181014974,1.4831025610415551,3.7034026903517936,2.716557544297605
260,2020-09-17,146.3146694222296,104.02253478363747,80.4386113908977,2.2508771852265417,1.9343379590256577,5.090690582906747
261,2020-09-18,199.3333943908887,94.88405519848976,68.05955579427601,2.967002490398968,3.2676527349724074,5.151355980643903
262,2020-09-19,229.89180547279193,73.18721705670211,52.194289678100425,1.9419787287821006,3.3494323589514603,3.776387995612891
263,2020-09-20,121.55572191924934,127.07651138166145,25.389159077924077,1.6826885274089463,1.9043624544657263,2.2657855535638887
264,2020-09-21,212.85663100113516,83.90290355565358,58.466007289206196,2.631940297749358,1.3673599974284305,1.727012000730629
265,2020-09-22,140.28405544248562,130.3345924769653,57.08455285244757,2.0173557338684223,1.8732378402104444,2.3935079111632973
266,2020-09-23,205.6270713377792,97.57499270081303,90.28580049915958,1.4539475085162088,3.5463271391162925,4.112344878134733
267,2020-09-24,157.11315738153326,53.881251425127886,60.399975858417754,2.164544574047155,3.9714353470022585,2.6744654019023724
268,2020-09-25,185.7138110379849,71.27079889100163,54.6319399575706,1.8027941296209915,3.128949641508649,1.5605398570788553
269,2020-09-26,138.40278188451532,117.76704658602576,31.952202869059434,1.374887881672132,3.514765981770224,1.6850307812596865
270,2020-09-27,196.13460629359128,84.62823085336302,97.99231269094454,2.619789755371464,1.9941447998622883,2.7478059427152663
271,2020-09-28,117.70747944687405,127.28254120815767,37.7477190614048,2.25706805105193,3.171270037233934,3.335862593667712
272,2020-09-29,208.22470267323177,106.98204395218087,26.128341260089442,2.7962314220724602,1.4752116411106302,2.48459911452405
273,2020-09-30,229.16948057015338,80.12262273450801,26.58877439293839,1.327192218587519,2.649862836094189,4.398382987888134
274,2020-10-01,116.6109102612912,91.43077860529668,85.18324155358124,1.005340936984339,2.7045329709404404,4.149872544121604
275,2020-10-02,235.41820539614358,72.03707635920381,69.2143417082655,1.8760083628239255,3.482531413026437,1.515057476323142
276,2020-10-03,116.05454158848565,95.2065844977289,45.68641420842863,2.1014661786070703,2.724423012005627,5.439975505318776
277,2020-10-04,191.58740595742051,63.96329114208468,61.12208975748102,2.5534201133566947,3.6007911661821925,2.6284992194212524
278,2020-10-05,237.14019242263174,92.34289668138753,57.886489637143015,1.3882199781617353,1.3391229660805413,1.5397655144179652
279,2020-10-06,227.91796720951345,141.79044098122463,37.71684753619441,1.1718345068629457,3.201601464536136,3.749890149356301
280,2020-10-07,223.2155648440739,143.54492711403572,33.12868863373909,1.412580661745831,1.077492398771323,4.382665117733474
281,2020-10-08,186.06009201654928,81.25039036616973,63.89945127424265,1.4174676573520775,1.234884457542086,3.7172763202069152
282,2020-10-09,238.66376557421978,108.59006019870094,41.10110145783221,1.8158861367924504,3.2738670159314696,3.049610372282218
283,2020-10-10,186.65360097823248,89.32783058969217,99.53314404923708,1.6112408582837163,2.891053490000436,3.9214082567758757
284,2020-10-11,114.48034267556925,69.40340607431266,32.249344402405036,2.3474943104506156,2.1880097709810347,3.9771064204589432
285,2020-10-12,240.05972862377183,132.18024376308998,59.037339975006475,2.9224182615087733,3.424841520280325,5.104661140163111
286,2020-10-13,151.57796279144446,107.8113646109186,24.746778193872974,2.7742494309944976,2.4041442468378658,5.257420137801098
287,2020-10-14,223.67403964835623,60.20684975290453,79.94463666142498,2.3133791884052086,1.9425308356583724,2.1130217488026197
288,2020-10-15,112.4324931741371,105.76455259514832,38.42597933900948,2.2970547880544148,3.6555607284343843,2.1349091452644715
289,2020-10-16,161.7215116659857,135.90102199388087,61.39781888695144,1.6665016298925879,3.939918511490827,3.404189439168412
290,2020-10-17,132.29999565896713,56.68568317936261,83.95804089818233,2.67075266222074,2.028867453252317,4.160949664383665
291,2020-10-18,105.10087122183026,115.60720158059878,76.7726453673327,1.808311979525296,3.8877951808268083,4.19219616008165
292,2020-10-19,172.4455123458,61.28016381375623,46.83994769254749,1.0554865749247013,3.713326963913962,4.677128333535751
293,2020-10-20,164.07525995968115,52.240079975944994,29.667671807117078,1.1149248099183824,1.1826101558919881,3.1317177538698258
294,2020-10-21,191.56753474731357,111.4434909523465,65.26988823189285,1.5600582742191733,2.035994797482732,3.4622493006771218
295,2020-10-22,132.18054159260703,144.6994557935214,52.95343671194473,2.058536834588417,2.1428626519427163,4.382584857541643
296,2020-10-23,172.26714916909273,99.90676165879933,39.76189688049175,2.821339414640688,1.8121038557104931,2.2788736133227756
297,2020-10-24,155.42684760879672,82.54633578449696,83.93781476570267,1.938919756558407,3.584037178740041,1.999299921710676
298,2020-10-25,186.01233849190473,117.13690500911417,89.96400691228462,1.1088375234970664,3.4401394196871378,2.641374402505853
299,2020-10-26,200.84692680089324,128.58883904886193,25.831866116157627,1.577674324276891,2.094880826719137,1.507238439647253
300,2020-10-27,165.04158774123079,105.02948683635603,75.75106813086566,1.6673498209268895,1.462518434925324,1.986657237034938
301,2020-10-28,226.50887341061076,109.0458635755726,85.64463947031173,1.6292071665097845,1.7507594431416968,3.0610822391236683
302,2020-10-29,195.05417288892454,96.61738240951162,95.55249533523182,2.8866734123158304,2.1817743260195233,4.432017839000383
303,2020-10-30,103.44215106929491,114.55713935882352,97.54153379805716,1.822034225106154,2.6468165638020187,4.917657105611184
304,2020-10-31,203.5793972728888,109.75249309645932,97.06107748222392,1.0977781414093526,3.7907466563980226,5.288858770805016
305,2020-11-01,176.58013596710228,107.77143031697503,33.459261833314955,2.0815535131500216,2.9948831679361847,4.673303917563212
306,2020-11-02,190.3297408022425,68.23556388544037,60.965841942439766,1.3290476864232452,3.8825623146825925,4.125801887309013
307,2020-11-03,127.22585384359643,110.3914102823861,36.96717887215843,1.4531036479431148,1.2496004626221617,2.496150250981611
308,2020-11-04,154.50029862861086,97.32476678196738,96.73938615842675,2.397617839825587,2.747660718642606,4.9318421471717135
309,2020-11-05,111.93409086192395,68.68629279265014,75.01020472170622,1.6739191930656874,2.586377981130063,3.3886976713668258
310,2020-11-06,217.29307113077655,99.83754233179677,81.5350773780422,2.0363564850026314,2.9365539380827963,3.202456241191289
311,2020-11-07,107.76279680851607,62.70701244437235,53.22714570442714,2.1223365898306037,1.816642464940312,5.454839228676999
312,2020-11-08,142.828743719721,116.68731650140909,97.51634071599702,1.0677624659672702,2.32437369780036,3.9881125864439158
313,2020-11-09,234.10532273202736,124.78029970429354,28.798381639514687,1.6577009534107892,2.5010197759376154,4.8415802738601155
314,2020-11-10,201.33391043005003,52.05635101470488,33.4511332803558,1.956627664485768,2.0833351058390357,3.127282235588745
315,2020-11-11,226.6372845797704,143.17375867155505,71.80888053783679,2.9347416479587576,3.746216831961486,5.1130402301521825
316,2020-11-12,212.13044052908734,53.031775316543374,47.934227599904105,2.8731227221297213,2.476584279815706,4.430496387674116
317,2020-11-13,137.4733442231238,51.92674814095549,33.471390401227126,2.4788898886706914,1.6310088557025044,4.779792263757484
318,2020-11-14,227.06981240926513,54.880872090078846,75.50676767155714,2.3706643074751277,1.4538730161385067,3.3525711247700785
319,2020-11-15,201.5137208615123,66.37842484598364,79.17221794585687,1.902199313315467,1.4851716827393302,3.765611323915634
320,2020-11-16,189.47559548978512,64.93884577166243,61.16202461817822,1.5931317535948122,2.358226498174016,4.97134900534776
321,2020-11-17,201.1941520581306,79.29034751096754,41.089223954416,2.9765197861070485,2.130748552359342,4.663117361057628
322,2020-11-18,105.92882544335166,102.67202835369669,33.128263450854014,2.897099373548297,2.9719329882195016,2.9143749043121407
323,2020-11-19,163.95792164360998,143.1630464790938,39.4571786316605,2.961555494438681,1.6735947650088794,2.8405288654829293
324,2020-11-20,124.20747146000164,56.23957712354961,81.76206352116236,1.973098549071744,2.355574659518976,2.4753845047870655
325,2020-11-21,212.29110119507936,59.79895342531623,60.16053269942027,2.081704399286618,1.3546185908702641,1.72754999485094
326,2020-11-22,178.5297497659637,142.64972097732135,89.50012169117703,2.6587671092947893,3.1383260086190754,5.268295395889625
327,2020-11-23,145.29276464764413,148.76320224142057,23.67841844823112,1.3099835073898294,2.6216021992886334,1.804213009048374
328,2020-11-24,207.75089246531823,104.87334166816983,74.04398231992027,1.0243187076045144,1.2925070181159226,4.19743960970589
329,2020-11-25,229.4108474486898,71.81774989747333,43.290871750197326,2.204471133264507,3.7542033890409483,1.5043432303055617
330,2020-11-26,168.13726295423788,142.77092590134794,38.29699662785434,1.5619044484538316,2.752301236439242,4.291418353739522
331,2020-11-27,138.16629806628077,140.9800954800217,23.444049803013122,2.1210451140237794,2.585182289937311,2.3869900708418195
332,2020-11-28,216.31767905024432,112.22804064518245,42.340142163068,2.715154465679401,3.5076507924301836,5.090236435339049
333,2020-11-29,164.10011451259734,94.27527397530719,46.731265005197145,1.19273889594121,2.588288361131786,5.075555892119601
334,2020-11-30,204.88399550264916,103.27573816466911,23.422685759260222,1.1379304310052463,3.5291519476462505,2.570419003475308
335,2020-12-01,112.91801377857546,94.42675674769853,70.81735950038927,1.0629539935406895,2.4462817817408062,2.8910382141167092
336,2020-12-02,156.10895664428432,96.32971677686504,99.32636197189025,1.6861083373028503,2.6894607543706597,2.556128190210962
337,2020-12-03,108.7064278633669,67.70479281142786,24.959945595837787,2.0306492729764205,1.207819001262011,4.809552787888213
338,2020-12-04,183.83687817694482,92.19835981845674,56.068320541207214,1.365703211671509,1.1170725622083229,2.122237726825897
339,2020-12-05,102.09392674561428,62.99510868373463,82.92660496221711,1.5445429146181708,3.7891927371235994,1.679650336847716
340,2020-12-06,176.3487000496071,58.07705399999522,29.22886547040335,2.4387711018116547,3.9977653948141665,4.4692641903542505
341,2020-12-07,194.2871577212573,96.24697372863791,48.36529680038106,1.0106120296508356,2.240646898116886,2.7153589469128825
342,2020-12-08,213.39957140420069,65.32133612234597,72.98008648151153,2.934159683103828,3.622882913700745,5.48199123290893
343,2020-12-09,196.42505851084255,90.69961856808781,72.12528331364757,1.635829774187993,1.1981625479482578,4.890296903748583
344,2020-12-10,121.95213116873887,79.44943596531266,52.34516450328322,1.5230488196119243,2.166966946869393,1.921931371108319
345,2020-12-11,163.9268472211354,139.5696020932322,49.600834351772264,1.5189250073750433,1.2797919146488463,2.63588748757518
346,2020-12-12,177.1270952439695,75.36576774900436,68.84529632853176,1.5774043368886135,2.983807997384327,1.6438763444528064
347,2020-12-13,240.07436449499423,51.017493596593965,95.18241824568919,2.8976870433069344,2.515413334037115,2.1463780710904876
348,2020-12-14,193.29291509156468,99.22968934292993,34.10096888437855,2.772619996373125,2.6527044046109776,3.8847072871879806
349,2020-12-15,176.79298332807087,87.34645204982436,57.20558092501392,1.6385787680953887,1.5567577453231345,3.3183152910165523
350,2020-12-16,129.3824613558241,131.87473487350928,32.479869573276446,1.4532848517578822,2.898930543635432,2.1995847509376634
351,2020-12-17,180.6203697447884,143.26314431442177,35.186467456470716,2.0806000967571583,1.3359278261921492,5.152917566366744
352,2020-12-18,184.44962600061376,117.44775910341114,82.77895421892977,1.7718632702369674,3.233145155204684,4.407254733237011
353,2020-12-19,208.8181581223838,55.13659170160198,25.32390048962652,1.4951808517328045,1.8713243494057596,4.669829715661067
354,2020-12-20,185.3386623339722,123.34795788163969,35.986482903719946,2.10461693557395,1.6485578684768,4.84715835733091
355,2020-12-21,220.31810233030288,101.31003631569209,74.37105287784567,1.437524708416214,2.1999210202297403,3.8231120594276997
356,2020-12-22,209.7677543772885,94.7199752434608,64.18640154770489,2.1946108340896546,1.5137371837537048,2.9545722112968535
357,2020-12-23,141.19420880266938,78.02039594909684,72.46350706615453,1.460672802375132,1.3188789140977646,2.402841312353658
358,2020-12-24,109.75584807237033,107.51092012965836,65.59669997920942,2.4979946428013786,1.4241445408252695,3.261170066487271
359,2020-12-25,148.49904897324888,145.9661196565371,51.59695712021916,1.138647700524595,2.8257959494454767,3.81020186851551
360,2020-12-26,191.80013449311454,92.02912008850477,47.40408474242904,2.3138647351340147,1.6092708020036337,4.480068812320531
361,2020-12-27,187.87202036948707,101.06988972362888,57.46296696948832,1.5356194148678175,3.718441781497276,2.4242237422702977
362,2020-12-28,242.2459514805548,70.2052311224185,82.9002990688351,1.2668753178069836,2.2600675135058426,4.444765879752762
363,2020-12-29,234.94877372018476,71.86366146225545,34.37549855755392,1.2088838955455483,1.8490119746039926,4.716335745107489
364,2020-12-30,158.93101181021404,69.7248168903395,43.50785525296683,1.3922248082256592,1.8499440125522977,2.3639666965672355
